<?xml version="1.0" encoding="UTF-8"?>
<ApexPage xmlns="http://soap.sforce.com/2006/04/metadata">
    <apiVersion>52.0</apiVersion>
    <availableInTouch>false</availableInTouch>
    <confirmationTokenRequired>false</confirmationTokenRequired>
    <description>Default Lightning Platform Authorization Required page</description>
    <label>Unauthorized</label>
    <packageVersions>
        <majorNumber>2</majorNumber>
        <minorNumber>54</minorNumber>
        <namespace>LID</namespace>
    </packageVersions>
</ApexPage>
